genome	sequence_id	bgc_id	start	end	compound	smiles	inchikey	reference
AP018448.1	AP018448.1	AP018448.1_cluster1	1505060	1594270	TAN-1323D	CC[C@H]1[C@H]([C@@H](C/C(=C/C=C/[C@@H]([C@H](OC(=O)/C(=C/C(=C/[C@H]([C@H]1O)C)/C)/OC)[C@@H](C)[C@H]([C@H](C)[C@]2(C[C@H]([C@@H]([C@H](O2)/C=C/C)C)OC(=O)/C=C/C(=O)O)O)O)OC)/C)C)O	FNXHQRMBGOYZCC-RRCTZNHSSA-N	pubmed:36602093
BJNH01	BJNH01000015.1	BJNH01000015.1_cluster1	93800	126600	kongjuemycin C2	C(CC(=O)NCCC(O[C@H](CCCCCCCC(C)C)/C=C\[C@@H]([C@H](O)C(C1C(=O)OC(=O)C=1O)=O)O)=O)N	VJAOROASZMWHKM-QKLABTNPSA-N	pubmed:37606755
BN001302.1	BN001302.1	BN001302.1_cluster1	162823	193481	anhydrosepedonin	CC1=CC2=C(CO1)C(=CC(=O)C(=C2)O)O 	WPYIGQPLAREAID-UHFFFAOYSA-N	doi:10.3389/ffunb.2021.777474/full
CABVGP01	CABVGP010000001.1	CABVGP010000001.1_cluster1	2865850	2883400	tetracenomycin X	CC1=C(C(=CC2=CC3=C(C(=C12)O)C(=O)[C@@]4(C(=O)C=C([C@H]([C@@]4(C3=O)O)O)OC)OC)OC)C(=O)OC	QSPIPUXWSNFXCK-AGILITTLSA-N	pubmed:36201117
CM003601.1	CM003601.1	CM003601.1_cluster1	4505400	4533900	chalkophomycin	n1(cccc1C1=N[C@@H](CO1)C(=O)N1C(=O)C=C([C@@H]1CCCN(N=O)O)OC)O	IZBZNTKRMOWMNR-QWRGUYRKSA-N	doi:10.1101/2024.01.24.577118
CP000085.1	CP000085.1	CP000085.1_cluster1	23750	30350	aminopyruvatide A	c1c(c2-c3c(ccc(c3)[C@H]([C@H](NC(=O)[C@@H](NC(=O)[C@H](Cc(c2)c1)NC(=O)CN)CC(C)C)C(=O)N[C@H](C(=O)C(=O)O)C)C)O)O	HLDGERFJLVUEFN-QBEMBUEOSA-N	doi:10.1101/2023.10.30.564719
CP001510.1	CP001510.1	CP001510.1_cluster1	4212973	4226779	methylolanthanin	C(CN(C(=O)C)CCCNC(=O)C1=CC=C(O)C=C1)CCNC(=O)CC(O)(C(O)=O)CC(=O)NCCCCN(C(=O)C)CCCNC(=O)C1=CC=C(O)C=C1	HBAFJSJRLBMGBD-UHFFFAOYSA-N	doi:10.1101/2022.01.19.476857
CP001778.1	CP001778.1	CP001778.1_cluster1	4322600	4339300	threopeptin	C=CC(=O)[C@@H](NC(=O)N[C@H](C(=O)N[C@H](C(=O)O)[C@@H](C)O)CCCNC(=N)N)CCCNC(=N)N	VGIZJKOLOSBGDA-UHXUPSOCSA-N	doi:10.1101/2023.12.23.573212 
CP003284.1	CP003284.1	CP003284.1_cluster1	1965941	2005379	anabaenopeptilide 90A	CCC(C)C1C(=O)OC(C(C(=O)NC(C(=O)NC2CCC(N(C2=O)C(C(=O)N(C(C(=O)N1)CC3=CC=C(C=C3)OC)C)C(C)O)O)CCC4=CC=C(C=C4)O)NC(=O)C(CCC(=O)N)NC=O)C	OWICVIMBSMKDHR-UHFFFAOYSA-N	pubmed:10931313
CP007699.2	CP007699.2	CP007699.2_cluster1	710560	723900	azoxymycin B	[H]OC(=O)C([H])=C([H])C([H])=C([H])C1=C([H])C([H])=C(N=[N+]([O-])C2=C([H])C([H])=C(C([H])=C([H])C([H])=C([H])C(=O)N([H])C([H])(C(=O)O[H])C([H])([H])C([H])([H])C(=O)N([H])[H])C([H])=C2[H])C([H])=C1[H]	YUKFJTPWSMXPSM-UHFFFAOYSA-N	pubmed:26623715
CP011032.1	CP011032.1	CP011032.1_cluster1	2675806	2701488	tambjamine YP1	COC1=C2C=NCC/C=C\CCCCCCCCC3=CC=C(N3)C(=C1)N2	GNFPZBNGNRDEOA-DTPSKQBTSA-N	doi:10.1111/j.1462-2920.2006.01177.x
CP012672.1	CP012672.1	CP012672.1_cluster1	5511280	5581730	icumazole B1	CC[C@H](C)CC1=C(C2=C(C[C@H](OC2=O)C[C@H](/C=C\C=C/C=C/C3=COC(=N3)C[C@@H]([C@H](C)[C@@H](CC)O)O[C@@H]4[C@H]([C@@H]([C@H](O4)CO)O)O)OC)C=C1)O	NQLYUYKWUDRQGP-KOEMGQAXSA-N	doi:10.21203/rs.3.rs-2066606/v1
CP013141.1	CP013141.1	CP013141.1_cluster1	4276484	4280775	thatisin	CC(C)C[C@H](NC(=O)[C@H](CC1=CC=CC=C1)NC(=O)[C@H](CC(=O)O)NC(=O)[C@@H]1CCCN1C(=O)[C@@H]1CC(=O)O[C@H](C)[C@@H]2NC(=O)[C@H](C)NC(=O)[C@H](CC3=CN=C[NH]3)NC(=O)[C@@H](NC(=O)[C@@H](NC(=O)[C@H](CC(=O)O)NC(=O)CNC(=O)[C@@H](N)CCCCN)[C@@H](C)O)[C@@H](C)OC(=O)C[C@H](NC(=O)CNC(=O)[C@H](CC(N)=O)NC(=O)[C@@H]3CCCN3C(=O)CNC2=O)C(=O)N[C@@H](CC(=O)O)C(=O)N2CCC[C@H]2C(=O)NCC(=O)N1)C(=O)O	OQGXDNXDAWIIAO-BSTXPCCNSA-N	doi:10.1021/acschembio.1c00672
CP016174.1	CP016174.1	CP016174.1_cluster1	7724310	7797330	norvancomyin	C[C@H]1[C@H]([C@@](C[C@@H](O1)O[C@@H]2[C@H]([C@@H]([C@H](O[C@H]2OC3=C4C=C5C=C3OC6=C(C=C(C=C6)[C@H]([C@H](C(=O)N[C@H](C(=O)N[C@H]5C(=O)N[C@@H]7C8=CC(=C(C=C8)O)C9=C(C=C(C=C9O)O)[C@H](NC(=O)[C@H]([C@@H](C1=CC(=C(O4)C=C1)Cl)O)NC7=O)C(=O)O)CC(=O)N)NC(=O)[C@@H](CC(C)C)N)O)Cl)CO)O)O)(C)N)O	NUAQIRUAZSJTAI-YRPZDAAMSA-N	pubmed:33531006
CP017708.2	CP017708.2	CP017708.2_cluster1	3923980	3965670	hectoramide B	c1(ccc(cc1)C[C@@H](C(=O)N([C@@H](C(C)C)C(=O)N(C)[C@H](C(=O)N)C(C)C)C)OC(=O)[C@@H](N(C)C)Cc1ccc(cc1)OC)OC	GAMJGRMMDUQHCD-KRCBVYEFSA-N	doi:10.1101/2023.07.06.547815
CP022438.1	CP022438.1	CP022438.1_cluster1	1770750	1821920	25-hydroxypeucemycin	C1/C(O)C(O)C2OC(=CC(=O)C=2/C=C/C(O)C)CC(=O)OC/C(=C\C(=C\\CC)\CC)/C=1	DMMXDCJENKMQKZ-NBXRVQGUSA-N	pubmed:36680588
CP022438.1	CP022438.1	CP022438.1_cluster2	6395057	6502160	14-hydroxyisochainin	CCCC[C@@H]1[C@@H](C[C@@H](C[C@H](C[C@H](C[C@H](C[C@H](C([C@H](/C(=C\C=C\C=C\C=C\C=C\[C@@H]([C@@H](OC1=O)C)O)/C)O)O)O)O)O)O)O)O	DASONDJWGUJNLI-HYLPMEPBSA-N	doi:10.7164/antibiotics.42.577
CP046173.1	CP046173.1	CP046173.1_cluster1	4647226	4733531	terpenomycin	C[C@@H]1C/C(=C/C=C/[C@H]([C@@H](OC(=O)/C(=C/C(=C/[C@@H]([C@@H]1O)C)/C)/OC)[C@H](C)[C@@H]([C@@H](C)[C@@]2(C[C@@H]([C@H]([C@H](O2)/C=C/C=C/C=C/C=C/C=C/[C@@H](C)[C@H](COC)O)C)O[C@@H]3C[C@@H]([C@H]([C@@H](O3)C)O)O)O)O)OC)/C	YPSASMQTMVWBKP-IGTFMZEISA-N	doi:10.1021/acschembio.3c00311
CP047318.1	CP047318.1	CP047318.1_cluster1	659165	765945	HM190 macrolide 1	[C@H]1(O)[C@H](C)[C@@H](O)[C@H](O)[C@@H](O)[C@](C)(O)CCCC=C[C@]2([H])C[C@H](C)CO[C@@]2(O)C[C@]2([H])O[C@]3(CCC[C@H](C[C@H](O)CC)O3)C[C@]([H])(OC(=O)C=C[C@@]1(C)O)C2C	AJOPBKIONPDYFS-YMEWXORYSA-N	pubmed:32676068
CP048397.1	CP048397.1	CP048397.1_cluster1	7579408	7636457	viennamycin A	CC[C@H](C)[C@@H](C(=O)N[C@H](CC1=CC=CC=C1)C(=O)N[C@H](CS(=O)(=O)O)C(=O)N[C@@H](CC(=O)O)C(=O)N[C@H]2[C@H](OC(=O)[C@@H]3CCCN3C(=O)[C@@H](NC(=O)[C@H](NC(=O)CNC(=O)CNC(=O)[C@H](N(C2=O)C)C(C)C)CCC(=O)O)C)C)NC(=O)[C@H](CC(=O)N)NC(=O)/C=C\C=C\CCC(C)C	UUCSPZUVNMNEEZ-NUTRYBNQSA-N	pubmed:32786880
CP049782.1	CP049782.1	CP049782.1_cluster1	140746	153672	pyridindolol	C1=CC=C2C(=C1)C3=C(N2)C(=NC(=C3)CO)C(CO)O	VAKXHGQDPLEUTH-UHFFFAOYSA-N	doi:10.1038/s41598-021-84833-2
CP050504.1	CP050504.1	CP050504.1_cluster1	6958349	6982916	8,8a-deoxyoleandolide	C[C@H]1C[C@H](C(=O)[C@@H]([C@H]([C@H]([C@H](OC(=O)[C@@H]([C@H]([C@@H]([C@H]1O)C)O)C)C)C)O)C)C	OLPAVFVRSHWADO-KYEFFAPUSA-N	pubmed:10908114
CP053109.1	CP053109.1	CP053109.1_cluster1	5532010	5536419	PD116740	COC1=CC=CC2=C1C(=O)C3=C(C2=O)C4=C(C=C(C=C4O)CO)[C@H]([C@@H]3O)O	ZJSLMQLVFYXGOW-UYAOXDASSA-N	pubmed:8990300
CP058556.1	CP058556.1	CP058556.1_cluster1	822470	854044	tripmycin A	CC1=CC=CC=C1/C=C/CCCCCCCCCCC(O)=O	LRVODNVNRNARGX-XNTDXEJSSA-N	doi:10.1021/acs.jnatprod.3c00199
CP059991.1	CP059991.1	CP059991.1_cluster1	5570224	5629850	12-ketomethymycin N-oxyde	C[C@@H]1C[C@@H]([C@@H](O)C(O[C@H]2[C@@H](C)C[C@@H](C)C(=O)C=C[C@@H](C)[C@H](OC(=O)[C@@H]2C)C(C)=O)O1)[N+](C)(C)[O-]	KNUFNQCAIBEGOA-DUXQNUHSSA-N	pubmed:33590846
CP065050.1	CP065050.1	CP065050.1_cluster1	173340	247879	L-155,175	C(C)1/C=C(/C)\C=C(/C)\C(O)OC(C(C)C(C(C)C(O)2OC(CC)C(C)C(OC(=O)/C=C/C(=O)NC3=C(O)CCC3=O)C2)O)C(OC)/C=C/C=C(\C)/CC(C)C1O	ISRLLWCSCCPOEX-QIOKEINKSA-N	pubmed:22669556
CP065050.1	CP065050.1	CP065050.1_cluster2	911188	950980	actinoramide A	COCC(=O)N[C@H]([C@H](O)C(C)C)C(=O)N1NCCC[C@H]1C(=O)N[C@@H](CC1=CC=CC=C1)[C@@H](O)[C@H](C)C(=O)N[C@H]1CCN(C(N)=O)C1=O	IAYPOIKGUHHBAU-DYTCPEOESA-N	pubmed:23911586
CP065050.1	CP065050.1	CP065050.1_cluster3	2539279	2604382	cuevaene A	C/C(=C\C1CCCC2=C1OC3=C2C=C(C=C3)O)/C=C(/C=C/C(=O)O)\OC	WIGMDADUQLISQR-LUGDWHTQSA-N	pubmed:23824670
CP072000.1	CP072000.1	CP072000.1_cluster1	5665906	5720925	nikkomycin X	CC(C(C1=NC=C(C=C1)O)O)C(C(=O)NC(C2C(C(C(O2)N3C=C(NC3=O)C=O)O)O)C(=O)O)N	AYXHZRVSIUJLAE-UHFFFAOYSA-N	pubmed:28840532
CP085498.1	CP085498.1	CP085498.1_cluster1	2323856	2352808	kurstakin 1	CC(C)CCCCCCCC(=O)NC(C(C)O)C(=O)NCC(=O)NC(C)C(=O)NC1COC(=O)C(NC(=O)C(NC(=O)C(NC1=O)CC2=NC=CN2)CCC(=O)N)CCC(=O)N	INIRFNMIJAKSGR-UHFFFAOYSA-N	pubmed:38004689
CP092644.1	CP092644.1	CP092644.1_cluster1	1251850	1339380	actinopyrone G	C1(/C=C/[C@@H](C)C/C=C/C(/C)=C\[C@H](C)[C@@H](/C(=C/C)/C)O)OC(OC)=C(C)C(=O)C=1C	PIYNCLUPGLBENL-QYWBUWIKSA-N	pubmed:36475912
CP095376.1	CP095376.1	CP095376.1_cluster1	9066363	9075488	molybdopterin	C(C1C(=C(C2C(O1)NC3=C(N2)C(=O)NC(=N3)N)S)S)OP(=O)(O)O	HPEUEJRPDGMIMY-UHFFFAOYSA-N	pubmed:24814342
CP102509.1	CP102509.1	CP102509.1_cluster1	2416468	2434072	pyracrimycin A	C1CC(=NC1)/C=C/C(=O)N	SJFPWBFXBOZGTB-ONEGZZNKSA-N	pubmed:36040247
CP103866.1	CP103866.1	CP103866.1_cluster1	2832150	2902775	thermorubin	COC1=C2C(=CC3=CC(=C(C(=C31)OC)C(=O)/C=C(/C4=CC=CC=C4O)\O)CC(=O)O)C=C5C=C(OC(=O)C5=C2O)C(=O)OC	GGEDVBUCHDZLTH-MOSHPQCFSA-N	pubmed:36255735
CP108341.1	CP108341.1	CP108341.1_cluster1	8997092	9050999	prolinolexin	C=C(NC(=O)C(C(C)C)N(C)C(=O)CCCCCCCCCCCCC(C)C)C(=O)N1CCCC1C(=O)NC(C)C(=O)NC(CCC(=O)O)C(=O)N1CCCC1CO	MOSFIJXAXDLOML-UHFFFAOYSA-N	doi:10.1038/s41467-022-32858-0
CP114200.1	CP114200.1	CP114200.1_cluster1	659350	723544	megalochelin	CC(C)CC1NC(=O)C(CO)NC(=O)C(C(C)O)NC(=O)CNC(=O)CNC(=O)C2=CC=C(C3=C(CC(C(=O)NC(C(=O)NC(CCC(N)=O)C(=O)NC(CCCN(O)C=O)C(=O)NCC(=O)NC(CO)C(=O)NC4CCCN(O)C4=O)C(C)C)NC(=O)C(C(C)O)NC1=O)N=CN3)C(O)=C2O	KLSFPVACPQLHHB-UHFFFAOYSA-N	doi:10.1021/acschembio.2c00958
CP117782.1	CP117782.1	CP117782.1_cluster1	535144	635032	selethramide	CC(C)C[C@H](NC(=O)[C@@H](CC(C)C)NC(=O)[C@@H](CO)NC(=O)[C@@H](CO)NC(=O)C[C@@H](C)O)C(=O)N[C@H](CO)C(=O)N[C@@H](CO)C(=O)N[C@H](CC(C)C)C(=O)N[C@@H](CC(C)C)C(=O)N[C@H](CO)C(=O)N[C@@H](CC(C)C)C(=O)N[C@@H](CC(C)C)C(=O)N[C@H](CO)C(=O)N[C@@H]1[C@@H](C)OC(=O)[C@H](CC(C)C)NC(=O)[C@H](CC(C)C)NC(=O)[C@@H](CO)NC(=O)[C@H](CC(C)C)NC(=O)[C@H](CC(C)C)NC1=O	MOSFIJXAXDLOML-UHFFFAOYSA-N	doi:10.1073/pnas.2304668120
CP123780.1	CP123780.1	CP123780.1_cluster1	4411593	4450586	SIA7248	CC1=CC=CC=CC=CC2=C(C(=CC=C2)O)C(=O)OC(CC(CC(CC(CC(CC(=CC=CC=CC=CC3=C(C(=CC=C3)O)C(=O)OC(CC(CC(CC(CC(C1)O)O)O)O)CC(C(C)O)O)C)O)O)O)O)CC(C(C)O)O	OSCPSYFRNSUMGB-UHFFFAOYSA-N	pubmed:23505159
DS999645.1	DS999645.1	DS999645.1_cluster1	1784485	1798505	caulibugulone A	CC1=C2C(=O)C=C(C(=O)C2=CN=C1C)NC	SDLNCVBYFYLESJ-UHFFFAOYSA-N	pubmed:33445110
FN554889.1	FN554889.1	FN554889.1_cluster1	8805124	8836499	coronafacoyl-L-isoleucine	CC[C@@H]1C[C@H]2[C@H](CCC2=O)C(=C1)C(=O)N[C@@H](C(C)CC)C(=O)O	RKSQYDBORLFRPF-VXEUTMNQSA-N	doi:10.1094/MPMI-23-2-0161
FOWW01	FOWW01000002.1	FOWW01000002.1_cluster1	110596	120594	aridacin C	CC1=C(CCC2=C)[C@@]2([H])[C@]3([H])[C@@](CC1)([H])[C@@H](C)CC[C@@]3([H])[C@](O)(CO)C(O)=O	QGHUXFLPLLLSNP-PPAZVIBVSA-N	doi:10.1002/anie.202312490
FQZB01	FQZB01000008.1	FQZB01000008.1_cluster1	98901	104384	closoxazole A	O=C(NC1=CC(C(O)=O)=CC=C1O)C2=CC3=C(C=C2)OC(C4=CC=C(O)C(N)=C4)=N3	XVOVUDBPNJSOPY-UHFFFAOYSA-N	10.1002/anie.202205409
JABSUY02	JABSUY020000001.1	JABSUY020000001.1_cluster1	3996221	3951151	edeine B1	C1=CC(=CC=C1C(CC(=O)NCC(C(=O)NC(CN)C(=O)NC(CCCC(C(CC(=O)NCC(=O)NCCCNCCCCN=C(N)N)O)N)C(=O)O)O)N)O	MDYFJGJCAHAWTD-UHFFFAOYSA-N	"pubmed:23891151"""
JABTVI01	JABTVI010000001.1	JABTVI010000001.1_cluster1	1185434	1199540	dendrubin E	CCC(=O)c6ccc2c(C(=O)c1c(O)c(C(C)=O)ccc1C2C5c3ccc(C(=O)CC)c(O)c3C(=O)c4c(O)c(C(C)=O)c(C)cc45)c6O	XKLVRUJOTJYDLU-UHFFFAOYSA-N	doi:10.1002/chem.202001939
JAFETE01	JAFETE010000011.1	JAFETE010000011.1_cluster1	364550	380000	benditerpenoic acid	C[C@H]1CC[C@H]([C@H]2[C@@H]1CC/C(=C/C[C@@H](C(=C2)C(=O)O)O)/C)C(=C)C	JAPJJUWCCYKHOP-DAHPMHTDSA-N	pubmed:33780586
JAFREP01	JAFREP010000003.1	JAFREP010000003.1_cluster1	413747	538634	phorbactazole A	C[C@@](O1)([H])C[C@@H](OC)[C@H](C)C1(O)CC2=NC(/C=C([C@@]3([H])[C@H](C)[C@@H](OC(/C=C\C4)=O)C[C@](C/C=C(C)/C5=NC([C@]6([H])C[C@@H](OC(N)=O)[C@H](O)[C@@](C[C@H](O)C[C@@H](O)[C@H](/C=C/[C@@]7([H])O[C@@]4([H])[C@@H](C)[C@H](O)C7)O)([H])O6)=CO5)([H])O3)\C)=CO2	RMPBBTRCRVFCHW-WSLYVRMYSA-N	doi:20.500.11850/601688
JAFREP01	JAFREP010000010.1	JAFREP010000010.1_cluster1	35421	179663	21-methoxy-calyculinamide	[H][C@@]1([C@@H](OC)C[C@@H](C([C@@H](C(/C=C(/C(=C/C=C/C(=C\C(=O)N)/C)/C)\C)C)O)C)O)[C@H](OP(=O)(O)O)C(C)(C)[C@]2(O[C@](C/C=C/C3N=C(C(CCNC(C([C@@H](C(N(C)C)COC)O)O)=O)C)OC=3)([H])[C@@H](C)[C@@H](OC)C2)O1	XNHJIDPGNZTOBI-UTYRHPOCSA-N	doi:20.500.11850/601688
JAFREP01	JAFREP010000006.1	JAFREP010000006.1_cluster1	317397	381081	acidobactamide A	CC[C@H](C)[C@@H]1NC(=O)[C@@H](CC(O)=O)NC(=O)CNC(=O)[C@H](C)[C@H](O)[C@@H](NC(=O)[C@H](CCC(N)=O)NC(=O)[C@H](NC(=O)CC(N)C[C@H](O)[C@@H](NC(=O)[C@@H](O)CC2=CC=CC=C2)[C@H](O)C2=CC=C(OC)C=C2)[C@@H](C)O)[C@@H](C)OC(=O)[C@@H]([C@@H](C)CC)N(C)C(=O)[C@@H](CC(N)=O)NC1=O	LEWOAKFWNHLJSG-RGNSTYQKSA-N	doi:20.500.11850/601688
JARAKF01	JARAKF010000001.1	JARAKF010000001.1_cluster1	1937858	1978761	azodyrecin B	C[C@@H](C(=O)OC)N=[N+](/C=C\CCCCCCCCCC(C)C)[O-]	SLGRVNFOKARIBY-FMLLKXRZSA-N	doi:10.1101/2023.10.13.562208
KJ396772.2	KJ396772.2	KJ396772.2_cluster1	63561	79984	auricin	O=C(C1=C2[C@@](O[C@@H](C)CC3=O)([C@H]3O[C@@H]4CCC(N(C)C)C(C)O4)O[C@@]5([H])[C@]1([H])CC(C5)=O)C6=CC=CC(O)=C6C2=O	MOSFIJXAXDLOML-UHFFFAOYSA-N	doi:10.1016/S0378-1119(02)00889-2
LS999205.1	LS999205.1	LS999205.1_cluster1	303446	316434	protegencin	C#CC#CC#CC#C/C=C/CCCCCCCC(=O)O	AMCJPHJAMUEWRC-MDZDMXLPSA-N	doi:10.1073/pnas.2107695118
PKLC01	PKLC01000016.1	PKLC01000016.1_cluster1	626230	685418	oximidine I	CO/N=CC=C/C(=O)NC/C=C/[C@H]1[C@H]([C@H]2[C@H](O2)/C=CC=CC3=C(C(=CC=C3)O)C(=O)O1)O	MJQHXIHJXNEHLK-IYWYHCIBSA-N	pubmed:37218580
SMSN01	SMSN01000006.1	SMSN01000006.1_cluster1	1	77196	pentamycin	CCCCC[C@H]([C@@H]1[C@H](C[C@H](C[C@H](C[C@H](C[C@H](C[C@H]([C@H]([C@@H](/C(=C/C=C/C=C/C=C/C=C/[C@@H]([C@H](OC1=O)C)O)/C)O)O)O)O)O)O)O)O)O	AGJUUQSLGVCRQA-SWOUQTJZSA-N	doi:10.1007/s00253-023-12672-4
SSBQ01	SSBQ01000002.1	SSBQ01000002.1_cluster1	243396	311170	levesquamide	CC(C)C[C@@H](CO)NC(=O)[C@@H](CNC(=O)[C@H](CO)N1C(=O)C2=C(S1)C(=O)C(=C(N2)C3=COC(=N3)C4=CC=CC=C4N)OC)O	DZVHAUSOBYTBDX-ZOCIIQOWSA-N	pubmed:32363877
VILE02	VILE02000015.1	VILE02000015.1_cluster1	102524	119586	radiosumin	CC(=O)NC1CCC(=C[C@@H](C(=O)O)NC(=O)[C@H](/C=C/2\CC[C@H](C=C2)N)NC(=O)C)CC1	BZYYTAOQKTUZST-NRZWWCDRSA-N	doi:10.5281/zenodo.8021780
