BGC0000001	Polyketide
BGC0000002	Polyketide
BGC0000014	Polyketide
BGC0000016	Other
BGC0000017	Other;Polyketide
BGC0000018	Polyketide
BGC0000019	Polyketide
BGC0000020	Polyketide
BGC0000021	Polyketide
BGC0000023	Polyketide
BGC0000024	Polyketide
BGC0000026	Saccharide
BGC0000028	Polyketide
BGC0000029	Polyketide
BGC0000031	Polyketide
BGC0000032	Polyketide
BGC0000033	Polyketide
BGC0000034	NRP;Polyketide
BGC0000035	Polyketide
BGC0000036	Polyketide;Saccharide
BGC0000038	Polyketide
BGC0000040	Polyketide
BGC0000041	Polyketide
BGC0000042	Polyketide
BGC0000043	Polyketide
BGC0000044	Polyketide
BGC0000047	Polyketide
BGC0000050	Polyketide
BGC0000051	Polyketide
BGC0000052	Polyketide
BGC0000053	Polyketide
BGC0000054	Polyketide
BGC0000055	Polyketide;Saccharide
BGC0000056	Polyketide
BGC0000058	Polyketide
BGC0000059	Polyketide
BGC0000060	Polyketide
BGC0000065	Polyketide
BGC0000066	Polyketide
BGC0000069	Polyketide
BGC0000072	Polyketide
BGC0000073	Polyketide
BGC0000074	Polyketide
BGC0000075	Polyketide
BGC0000078	Polyketide
BGC0000079	Polyketide
BGC0000080	Polyketide
BGC0000081	NRP;Polyketide
BGC0000082	Polyketide
BGC0000083	Polyketide
BGC0000084	Polyketide
BGC0000085	Polyketide
BGC0000086	Polyketide
BGC0000087	Polyketide
BGC0000090	Polyketide
BGC0000091	Polyketide
BGC0000092	Polyketide
BGC0000094	Polyketide;Saccharide
BGC0000096	Polyketide
BGC0000097	Polyketide
BGC0000100	Polyketide
BGC0000102	Polyketide
BGC0000103	Polyketide
BGC0000105	Polyketide
BGC0000106	Polyketide
BGC0000109	Polyketide
BGC0000110	Polyketide
BGC0000111	Polyketide
BGC0000112	Polyketide
BGC0000113	Polyketide
BGC0000114	Polyketide
BGC0000115	Polyketide;Saccharide
BGC0000116	Polyketide
BGC0000117	Polyketide
BGC0000118	Polyketide
BGC0000119	Polyketide;Saccharide
BGC0000122	Polyketide
BGC0000123	Polyketide
BGC0000124	Polyketide
BGC0000125	Polyketide
BGC0000126	Polyketide
BGC0000127	Polyketide
BGC0000128	Polyketide
BGC0000130	Polyketide
BGC0000133	Polyketide
BGC0000135	Polyketide
BGC0000136	Polyketide
BGC0000137	Polyketide
BGC0000138	Polyketide
BGC0000140	Polyketide
BGC0000141	Polyketide
BGC0000142	Polyketide
BGC0000143	Polyketide
BGC0000144	Polyketide
BGC0000145	NRP;Polyketide
BGC0000147	Polyketide
BGC0000148	Polyketide
BGC0000149	Polyketide
BGC0000150	NRP;Polyketide
BGC0000151	Polyketide;Saccharide
BGC0000153	NRP;Polyketide
BGC0000157	Polyketide
BGC0000158	Polyketide
BGC0000159	Polyketide
BGC0000162	Polyketide
BGC0000163	Polyketide
BGC0000164	Polyketide
BGC0000165	Polyketide
BGC0000166	Polyketide
BGC0000167	Polyketide
BGC0000171	Polyketide
BGC0000172	Polyketide
BGC0000173	Polyketide
BGC0000174	Polyketide
BGC0000175	Polyketide
BGC0000176	Polyketide
BGC0000177	Polyketide
BGC0000178	Polyketide
BGC0000179	Polyketide
BGC0000180	Polyketide
BGC0000181	Polyketide
BGC0000182	Polyketide
BGC0000184	Polyketide
BGC0000185	Polyketide
BGC0000186	NRP;Polyketide
BGC0000187	Polyketide
BGC0000188	Other
BGC0000189	Polyketide
BGC0000190	Polyketide
BGC0000191	Polyketide
BGC0000192	Polyketide
BGC0000193	Polyketide
BGC0000194	Polyketide
BGC0000195	Polyketide
BGC0000196	Polyketide
BGC0000197	Polyketide;Saccharide
BGC0000198	Polyketide;Saccharide
BGC0000199	Polyketide;Saccharide
BGC0000200	Polyketide;Saccharide
BGC0000201	Polyketide;Saccharide
BGC0000202	Polyketide
BGC0000203	Polyketide
BGC0000204	Polyketide
BGC0000205	Polyketide
BGC0000207	Polyketide
BGC0000208	Polyketide
BGC0000209	Polyketide
BGC0000210	Polyketide;Saccharide
BGC0000211	Polyketide
BGC0000212	Polyketide
BGC0000213	Polyketide
BGC0000215	Polyketide
BGC0000216	Polyketide
BGC0000217	Polyketide
BGC0000218	Polyketide
BGC0000219	Polyketide;Saccharide
BGC0000220	Polyketide
BGC0000221	Polyketide
BGC0000222	Polyketide
BGC0000223	Polyketide
BGC0000224	Polyketide
BGC0000225	Polyketide
BGC0000226	Polyketide
BGC0000227	Polyketide
BGC0000229	Polyketide;Saccharide
BGC0000231	Polyketide
BGC0000232	Polyketide
BGC0000233	Polyketide
BGC0000234	Polyketide
BGC0000235	Polyketide
BGC0000236	Polyketide
BGC0000237	Polyketide
BGC0000238	Polyketide
BGC0000239	Polyketide;Saccharide
BGC0000240	Polyketide;Saccharide
BGC0000241	Polyketide;Saccharide
BGC0000242	Polyketide
BGC0000243	Polyketide
BGC0000244	Polyketide
BGC0000245	Polyketide
BGC0000247	Polyketide;Saccharide
BGC0000248	Polyketide
BGC0000249	Polyketide
BGC0000252	Polyketide
BGC0000253	Polyketide
BGC0000254	Polyketide
BGC0000255	Polyketide
BGC0000256	Polyketide
BGC0000257	Polyketide
BGC0000258	Polyketide
BGC0000259	Polyketide
BGC0000260	Polyketide
BGC0000261	Polyketide
BGC0000262	Polyketide;Saccharide
BGC0000263	Polyketide
BGC0000264	Polyketide
BGC0000265	Polyketide
BGC0000266	Polyketide
BGC0000267	Polyketide;Saccharide
BGC0000268	Polyketide
BGC0000269	Polyketide;Saccharide
BGC0000270	Polyketide
BGC0000271	Polyketide
BGC0000272	Polyketide
BGC0000273	Polyketide;Saccharide
BGC0000274	Polyketide
BGC0000275	Polyketide
BGC0000277	Polyketide
BGC0000278	Polyketide
BGC0000279	Polyketide
BGC0000280	Polyketide
BGC0000281	Polyketide
BGC0000282	Polyketide
BGC0000283	Other
BGC0000285	Polyketide;Saccharide
BGC0000286	Polyketide
BGC0000287	NRP
BGC0000288	NRP
BGC0000289	NRP;Saccharide
BGC0000290	NRP
BGC0000291	NRP
BGC0000294	NRP
BGC0000295	NRP
BGC0000296	NRP
BGC0000297	NRP;Polyketide;Saccharide
BGC0000298	NRP
BGC0000300	NRP
BGC0000301	NRP
BGC0000302	NRP
BGC0000303	NRP
BGC0000305	NRP
BGC0000306	NRP
BGC0000308	NRP
BGC0000309	NRP
BGC0000310	NRP
BGC0000311	NRP;Saccharide
BGC0000315	NRP
BGC0000316	NRP
BGC0000319	NRP
BGC0000320	NRP
BGC0000322	NRP
BGC0000323	NRP
BGC0000324	NRP
BGC0000325	NRP
BGC0000326	NRP
BGC0000327	NRP
BGC0000328	NRP
BGC0000329	NRP
BGC0000330	NRP
BGC0000331	NRP
BGC0000332	NRP
BGC0000333	NRP
BGC0000335	NRP;Polyketide
BGC0000336	NRP
BGC0000339	NRP
BGC0000340	NRP
BGC0000341	NRP
BGC0000343	NRP
BGC0000344	NRP
BGC0000345	NRP;Polyketide
BGC0000346	NRP;Polyketide
BGC0000347	NRP
BGC0000349	NRP
BGC0000350	NRP
BGC0000351	NRP
BGC0000352	NRP
BGC0000353	NRP
BGC0000354	NRP
BGC0000359	NRP
BGC0000360	NRP
BGC0000362	NRP
BGC0000363	NRP
BGC0000364	NRP
BGC0000365	NRP
BGC0000366	NRP
BGC0000367	NRP
BGC0000368	NRP
BGC0000369	NRP;Saccharide
BGC0000371	NRP
BGC0000373	NRP
BGC0000374	NRP
BGC0000375	NRP
BGC0000376	NRP
BGC0000377	NRP
BGC0000378	NRP
BGC0000379	NRP
BGC0000380	NRP;Polyketide
BGC0000381	NRP
BGC0000382	NRP
BGC0000383	NRP;Polyketide
BGC0000384	NRP
BGC0000385	NRP
BGC0000386	NRP
BGC0000387	NRP
BGC0000388	NRP
BGC0000391	NRP
BGC0000392	NRP
BGC0000393	NRP;Polyketide
BGC0000394	NRP
BGC0000395	NRP
BGC0000396	NRP
BGC0000397	NRP
BGC0000398	NRP
BGC0000399	NRP
BGC0000400	NRP
BGC0000401	NRP
BGC0000402	NRP
BGC0000403	NRP
BGC0000406	NRP
BGC0000407	NRP
BGC0000408	NRP
BGC0000409	NRP
BGC0000410	NRP
BGC0000411	NRP
BGC0000412	NRP
BGC0000413	NRP
BGC0000414	NRP
BGC0000415	NRP
BGC0000416	NRP
BGC0000417	NRP
BGC0000418	NRP
BGC0000419	NRP;Saccharide
BGC0000421	NRP
BGC0000422	NRP
BGC0000423	NRP
BGC0000424	NRP
BGC0000425	NRP
BGC0000426	NRP
BGC0000427	NRP
BGC0000428	NRP
BGC0000429	NRP;Polyketide
BGC0000430	NRP;Polyketide
BGC0000431	NRP
BGC0000432	NRP
BGC0000433	NRP
BGC0000434	NRP
BGC0000435	NRP
BGC0000436	NRP
BGC0000437	NRP
BGC0000438	NRP
BGC0000439	NRP
BGC0000440	NRP
BGC0000441	NRP
BGC0000443	NRP
BGC0000444	NRP
BGC0000445	NRP
BGC0000446	NRP
BGC0000447	NRP
BGC0000448	NRP
BGC0000449	NRP
BGC0000450	NRP
BGC0000451	NRP
BGC0000452	NRP
BGC0000453	NRP
BGC0000454	NRP
BGC0000455	NRP;Saccharide
BGC0000457	NRP
BGC0000459	NRP;Polyketide
BGC0000460	NRP
BGC0000461	NRP
BGC0000464	NRP
BGC0000465	NRP
BGC0000466	NRP
BGC0000468	RiPP
BGC0000469	RiPP
BGC0000470	RiPP
BGC0000471	RiPP
BGC0000472	RiPP
BGC0000473	RiPP
BGC0000474	RiPP
BGC0000475	RiPP
BGC0000477	RiPP
BGC0000479	RiPP
BGC0000480	RiPP
BGC0000483	RiPP
BGC0000484	RiPP
BGC0000486	RiPP
BGC0000487	RiPP
BGC0000488	RiPP
BGC0000489	RiPP
BGC0000490	RiPP
BGC0000491	RiPP
BGC0000494	RiPP
BGC0000495	RiPP
BGC0000496	RiPP
BGC0000497	RiPP
BGC0000498	RiPP
BGC0000499	RiPP
BGC0000500	RiPP
BGC0000501	RiPP
BGC0000502	RiPP
BGC0000503	RiPP
BGC0000504	RiPP
BGC0000506	RiPP
BGC0000507	RiPP
BGC0000508	RiPP
BGC0000509	RiPP
BGC0000510	RiPP
BGC0000511	RiPP
BGC0000513	RiPP
BGC0000514	RiPP
BGC0000515	RiPP
BGC0000516	RiPP
BGC0000517	RiPP
BGC0000518	RiPP
BGC0000519	RiPP
BGC0000520	RiPP
BGC0000521	RiPP
BGC0000522	RiPP
BGC0000523	RiPP
BGC0000525	RiPP
BGC0000526	RiPP
BGC0000527	RiPP
BGC0000528	RiPP
BGC0000529	RiPP
BGC0000530	RiPP
BGC0000531	RiPP
BGC0000532	RiPP
BGC0000533	RiPP
BGC0000534	RiPP
BGC0000535	RiPP
BGC0000536	RiPP
BGC0000537	RiPP
BGC0000538	RiPP
BGC0000539	RiPP
BGC0000540	RiPP
BGC0000541	RiPP
BGC0000542	RiPP
BGC0000543	RiPP
BGC0000544	RiPP
BGC0000545	RiPP
BGC0000546	RiPP
BGC0000547	RiPP
BGC0000548	RiPP
BGC0000549	RiPP
BGC0000550	RiPP
BGC0000551	RiPP
BGC0000552	RiPP
BGC0000553	RiPP
BGC0000554	RiPP
BGC0000555	RiPP
BGC0000556	RiPP
BGC0000557	RiPP
BGC0000558	RiPP
BGC0000559	RiPP
BGC0000560	RiPP
BGC0000561	RiPP
BGC0000563	RiPP
BGC0000564	RiPP
BGC0000565	RiPP
BGC0000566	RiPP
BGC0000567	RiPP
BGC0000568	RiPP
BGC0000569	RiPP
BGC0000570	RiPP
BGC0000571	RiPP
BGC0000572	RiPP
BGC0000573	RiPP
BGC0000574	RiPP
BGC0000575	RiPP
BGC0000576	RiPP
BGC0000577	RiPP
BGC0000578	RiPP
BGC0000579	RiPP
BGC0000580	RiPP
BGC0000581	RiPP
BGC0000582	RiPP
BGC0000583	RiPP
BGC0000584	RiPP
BGC0000585	RiPP
BGC0000586	RiPP
BGC0000587	RiPP
BGC0000588	RiPP
BGC0000589	RiPP
BGC0000590	RiPP
BGC0000591	RiPP
BGC0000592	RiPP
BGC0000593	RiPP
BGC0000594	RiPP
BGC0000595	RiPP
BGC0000597	RiPP
BGC0000598	RiPP
BGC0000599	RiPP
BGC0000600	RiPP
BGC0000601	RiPP
BGC0000602	RiPP
BGC0000603	RiPP
BGC0000604	RiPP
BGC0000605	RiPP
BGC0000606	RiPP
BGC0000607	RiPP
BGC0000608	RiPP
BGC0000609	RiPP
BGC0000610	RiPP
BGC0000611	RiPP
BGC0000612	RiPP
BGC0000613	RiPP
BGC0000614	RiPP
BGC0000615	RiPP
BGC0000616	RiPP
BGC0000617	RiPP
BGC0000619	RiPP
BGC0000620	RiPP
BGC0000622	RiPP
BGC0000623	RiPP
BGC0000624	RiPP
BGC0000625	RiPP
BGC0000626	RiPP
BGC0000628	RiPP
BGC0000630	Terpene
BGC0000632	Saccharide;Terpene
BGC0000633	Terpene
BGC0000634	Terpene
BGC0000635	Terpene
BGC0000636	Terpene
BGC0000637	Terpene
BGC0000638	Terpene
BGC0000639	Terpene
BGC0000640	Terpene
BGC0000641	Terpene
BGC0000642	Terpene
BGC0000643	Terpene
BGC0000644	Terpene
BGC0000645	Terpene
BGC0000646	Terpene
BGC0000647	Terpene
BGC0000648	Terpene
BGC0000649	Terpene
BGC0000650	Terpene
BGC0000651	Terpene
BGC0000652	Terpene
BGC0000653	Terpene
BGC0000654	Saccharide;Terpene
BGC0000657	Terpene
BGC0000658	Terpene
BGC0000659	Terpene
BGC0000660	Terpene
BGC0000662	Terpene
BGC0000663	Terpene
BGC0000664	Terpene
BGC0000665	Other;Terpene
BGC0000666	Terpene
BGC0000668	Other;Terpene
BGC0000674	Terpene
BGC0000675	Terpene
BGC0000677	Terpene
BGC0000678	Terpene
BGC0000679	Terpene
BGC0000683	Terpene
BGC0000689	Saccharide
BGC0000690	Saccharide
BGC0000692	Saccharide
BGC0000693	Saccharide
BGC0000694	Saccharide
BGC0000698	Saccharide
BGC0000699	Saccharide
BGC0000700	Saccharide
BGC0000701	Saccharide
BGC0000702	Saccharide
BGC0000703	Saccharide
BGC0000704	Saccharide
BGC0000705	Saccharide
BGC0000706	Saccharide
BGC0000707	Saccharide
BGC0000708	Saccharide
BGC0000709	Saccharide
BGC0000711	Saccharide
BGC0000712	Saccharide
BGC0000713	Saccharide
BGC0000714	Saccharide
BGC0000715	Saccharide
BGC0000716	Saccharide
BGC0000719	Saccharide
BGC0000720	Saccharide
BGC0000721	Saccharide
BGC0000722	Other;Saccharide
BGC0000723	Other;Saccharide
BGC0000724	Saccharide
BGC0000725	Saccharide
BGC0000727	Saccharide
BGC0000728	Saccharide
BGC0000729	Saccharide
BGC0000730	Saccharide
BGC0000731	Saccharide
BGC0000732	Saccharide
BGC0000733	Saccharide
BGC0000734	Saccharide
BGC0000735	Saccharide
BGC0000736	Saccharide
BGC0000737	Saccharide
BGC0000738	Saccharide
BGC0000739	Saccharide
BGC0000740	Saccharide
BGC0000741	Saccharide
BGC0000742	Saccharide
BGC0000743	Saccharide
BGC0000744	Saccharide
BGC0000745	Saccharide
BGC0000746	Saccharide
BGC0000747	Saccharide
BGC0000748	Saccharide
BGC0000749	Saccharide
BGC0000751	Saccharide
BGC0000752	Saccharide
BGC0000753	Saccharide
BGC0000754	Saccharide
BGC0000755	Saccharide
BGC0000756	Saccharide
BGC0000757	Saccharide
BGC0000758	Saccharide
BGC0000759	Saccharide
BGC0000760	Saccharide
BGC0000761	Saccharide
BGC0000762	Saccharide
BGC0000763	Saccharide
BGC0000764	Saccharide
BGC0000765	Saccharide
BGC0000766	Saccharide
BGC0000767	Saccharide
BGC0000768	Saccharide
BGC0000769	Saccharide
BGC0000770	Saccharide
BGC0000772	Saccharide
BGC0000773	Saccharide
BGC0000774	Saccharide
BGC0000775	Saccharide
BGC0000776	Saccharide
BGC0000777	Saccharide
BGC0000778	Saccharide
BGC0000779	Saccharide
BGC0000780	Saccharide
BGC0000781	Saccharide
BGC0000782	Saccharide
BGC0000783	Saccharide
BGC0000784	Saccharide
BGC0000785	Saccharide
BGC0000786	Saccharide
BGC0000787	Saccharide
BGC0000788	Saccharide
BGC0000789	Saccharide
BGC0000790	Saccharide
BGC0000791	Saccharide
BGC0000792	Saccharide
BGC0000793	Saccharide
BGC0000794	Saccharide
BGC0000795	Saccharide
BGC0000796	Saccharide
BGC0000797	Saccharide
BGC0000799	Saccharide
BGC0000800	Saccharide
BGC0000801	Saccharide
BGC0000802	Saccharide
BGC0000803	Saccharide
BGC0000804	Saccharide
BGC0000806	Saccharide
BGC0000807	Saccharide
BGC0000809	Other
BGC0000813	Other
BGC0000814	Other
BGC0000817	Other
BGC0000820	Other
BGC0000821	Other
BGC0000825	Other
BGC0000826	Other
BGC0000827	Other
BGC0000829	Other
BGC0000830	Other
BGC0000831	Other
BGC0000832	Other;Saccharide
BGC0000833	Other;Saccharide
BGC0000834	Other;Saccharide
BGC0000836	Other
BGC0000837	Other
BGC0000838	Polyketide
BGC0000840	Other
BGC0000841	Other
BGC0000842	Other
BGC0000843	Other
BGC0000844	Other
BGC0000845	Other
BGC0000846	Other
BGC0000847	Other
BGC0000850	Other
BGC0000851	Other
BGC0000852	Other
BGC0000853	Other
BGC0000854	Other
BGC0000855	Other
BGC0000856	Other
BGC0000857	Other
BGC0000858	Other
BGC0000859	Other
BGC0000860	Other
BGC0000861	Other
BGC0000862	Other
BGC0000863	Other
BGC0000864	Other
BGC0000865	Other
BGC0000866	Other
BGC0000867	Other
BGC0000868	Other
BGC0000869	Other
BGC0000870	Other
BGC0000871	Other
BGC0000872	Other
BGC0000873	Other
BGC0000874	Other
BGC0000875	Other;Saccharide
BGC0000876	Other
BGC0000877	Other
BGC0000878	Other
BGC0000879	Other
BGC0000880	Other
BGC0000881	Other
BGC0000882	Other
BGC0000883	Other
BGC0000884	Other
BGC0000885	Other
BGC0000886	Other
BGC0000888	Other
BGC0000889	Other
BGC0000890	Other
BGC0000891	Other
BGC0000892	Other
BGC0000893	NRP
BGC0000895	Other
BGC0000896	Other
BGC0000897	Other
BGC0000898	Saccharide
BGC0000899	Saccharide
BGC0000902	Polyketide
BGC0000903	Other
BGC0000904	Other
BGC0000905	Other
BGC0000906	Other
BGC0000907	Other
BGC0000913	Other
BGC0000914	Other
BGC0000916	Other
BGC0000917	Other
BGC0000918	Other
BGC0000919	Other
BGC0000920	Other
BGC0000921	NRP;Other;Polyketide
BGC0000922	Polyketide
BGC0000923	Other
BGC0000924	Other
BGC0000925	Other
BGC0000926	Other
BGC0000927	Other
BGC0000929	Other
BGC0000932	Other
BGC0000933	Other
BGC0000934	Other
BGC0000935	Other;Polyketide
BGC0000936	Other
BGC0000937	Other
BGC0000938	Other
BGC0000939	Other
BGC0000940	Other
BGC0000941	Other
BGC0000942	Other
BGC0000943	Other
BGC0000944	Other
BGC0000946	Other
BGC0000947	Other
BGC0000948	Other
BGC0000949	NRP
BGC0000950	NRP;Other
BGC0000951	NRP
BGC0000953	Saccharide
BGC0000954	NRP;Polyketide
BGC0000955	NRP;Polyketide
BGC0000956	NRP;Polyketide
BGC0000957	NRP;Polyketide
BGC0000958	NRP;Polyketide
BGC0000960	NRP;Polyketide
BGC0000961	NRP;Polyketide
BGC0000963	NRP;Polyketide;Saccharide
BGC0000964	NRP;Polyketide
BGC0000966	NRP;Polyketide
BGC0000967	NRP;Polyketide
BGC0000969	NRP;Polyketide
BGC0000970	NRP;Polyketide
BGC0000971	NRP;Polyketide
BGC0000972	NRP;Polyketide
BGC0000973	NRP;Polyketide
BGC0000974	NRP;Polyketide
BGC0000975	NRP;Polyketide
BGC0000976	NRP;Polyketide
BGC0000978	NRP;Other;Polyketide
BGC0000981	NRP;Polyketide
BGC0000982	NRP;Polyketide
BGC0000984	NRP;Polyketide
BGC0000985	NRP;Polyketide
BGC0000986	NRP;Polyketide
BGC0000988	NRP;Polyketide
BGC0000989	NRP;Polyketide
BGC0000990	NRP;Polyketide
BGC0000991	NRP;Polyketide
BGC0000993	NRP;Polyketide
BGC0000994	NRP;Polyketide
BGC0000995	NRP;Polyketide
BGC0000996	NRP;Polyketide
BGC0000997	NRP;Polyketide
BGC0000998	NRP;Polyketide
BGC0000999	NRP;Polyketide
BGC0001000	NRP;Polyketide
BGC0001001	NRP;Polyketide
BGC0001002	NRP;Polyketide
BGC0001003	NRP;Polyketide;Saccharide
BGC0001004	Polyketide
BGC0001005	NRP;Polyketide
BGC0001006	NRP;Polyketide
BGC0001007	NRP;Polyketide
BGC0001008	Polyketide
BGC0001010	NRP;Polyketide
BGC0001011	NRP;Polyketide
BGC0001012	NRP;Polyketide
BGC0001013	NRP;Polyketide
BGC0001014	NRP;Polyketide
BGC0001015	NRP;Polyketide
BGC0001016	NRP;Polyketide
BGC0001017	NRP;Polyketide
BGC0001018	NRP
BGC0001019	NRP;Polyketide
BGC0001020	NRP;Polyketide
BGC0001021	NRP;Polyketide
BGC0001022	NRP;Polyketide
BGC0001023	NRP;Polyketide
BGC0001024	NRP;Polyketide
BGC0001025	NRP;Polyketide
BGC0001027	NRP;Polyketide
BGC0001028	NRP;Polyketide
BGC0001029	NRP;Polyketide
BGC0001031	NRP;Polyketide
BGC0001032	NRP;Polyketide
BGC0001033	NRP;Polyketide
BGC0001034	NRP;Polyketide
BGC0001036	NRP;Polyketide
BGC0001038	NRP;Polyketide
BGC0001039	NRP;Polyketide
BGC0001040	NRP;Polyketide
BGC0001041	NRP;Polyketide
BGC0001042	NRP;Polyketide
BGC0001043	NRP;Polyketide
BGC0001045	NRP;Polyketide
BGC0001046	NRP;Polyketide;Saccharide
BGC0001047	NRP;Polyketide
BGC0001048	NRP;Polyketide;Saccharide
BGC0001050	NRP;Polyketide
BGC0001051	NRP;Polyketide
BGC0001052	NRP;Polyketide
BGC0001053	NRP;Polyketide
BGC0001054	NRP;Polyketide
BGC0001055	NRP;Polyketide
BGC0001056	NRP;Polyketide
BGC0001058	NRP;Polyketide;Saccharide
BGC0001059	NRP;Polyketide
BGC0001060	Polyketide
BGC0001061	Polyketide
BGC0001062	Polyketide
BGC0001063	NRP;Polyketide
BGC0001064	Polyketide
BGC0001065	Polyketide
BGC0001066	Polyketide
BGC0001069	NRP;Polyketide
BGC0001070	NRP;Polyketide
BGC0001071	NRP;Polyketide
BGC0001072	Other;Polyketide;Saccharide
BGC0001073	NRP;Polyketide
BGC0001074	Polyketide;Saccharide
BGC0001075	Polyketide;Terpene
BGC0001076	Other
BGC0001077	Polyketide
BGC0001078	Polyketide;Terpene
BGC0001079	Polyketide;Terpene
BGC0001080	Other
BGC0001083	Polyketide;Terpene
BGC0001088	NRP;Polyketide
BGC0001089	NRP;Polyketide
BGC0001090	NRP;Polyketide
BGC0001091	NRP;Polyketide
BGC0001093	NRP;Polyketide
BGC0001094	NRP;Polyketide
BGC0001095	NRP
BGC0001098	NRP;Polyketide
BGC0001099	NRP;Polyketide
BGC0001100	NRP;Polyketide
BGC0001101	NRP;Polyketide
BGC0001102	NRP;Polyketide
BGC0001103	NRP;Polyketide
BGC0001105	NRP;Polyketide
BGC0001106	NRP;Polyketide
BGC0001108	NRP;Polyketide
BGC0001109	NRP;Polyketide
BGC0001110	NRP;Polyketide
BGC0001111	NRP;Polyketide
BGC0001112	NRP;Polyketide
BGC0001113	NRP;Polyketide
BGC0001114	NRP;Polyketide
BGC0001115	NRP;Polyketide
BGC0001116	NRP;Polyketide
BGC0001117	NRP
BGC0001119	Polyketide
BGC0001125	NRP;Polyketide
BGC0001126	Other;Terpene
BGC0001127	NRP
BGC0001128	NRP
BGC0001130	NRP;Polyketide
BGC0001131	NRP
BGC0001132	NRP
BGC0001135	NRP
BGC0001137	Other
BGC0001138	Other
BGC0001140	Terpene
BGC0001145	RiPP
BGC0001146	RiPP
BGC0001147	NRP
BGC0001148	NRP;RiPP
BGC0001149	NRP;Saccharide
BGC0001150	Polyketide
BGC0001151	Other
BGC0001152	NRP;Polyketide
BGC0001153	NRP
BGC0001154	Other
BGC0001155	RiPP
BGC0001156	Terpene
BGC0001157	RiPP
BGC0001159	NRP;Polyketide
BGC0001160	Polyketide
BGC0001161	Polyketide
BGC0001162	Polyketide
BGC0001163	Polyketide
BGC0001164	Polyketide
BGC0001165	NRP;Polyketide
BGC0001167	RiPP
BGC0001168	NRP
BGC0001169	Polyketide
BGC0001170	RiPP
BGC0001171	RiPP
BGC0001172	NRP;Polyketide
BGC0001173	RiPP
BGC0001174	RiPP
BGC0001176	RiPP
BGC0001177	Polyketide
BGC0001178	NRP
BGC0001179	Polyketide
BGC0001181	Terpene
BGC0001183	Polyketide
BGC0001184	Other
BGC0001185	NRP
BGC0001186	Polyketide
BGC0001188	RiPP
BGC0001189	NRP
BGC0001192	NRP
BGC0001193	NRP
BGC0001194	Polyketide
BGC0001195	NRP;Polyketide
BGC0001197	Polyketide
BGC0001198	Terpene
BGC0001199	Polyketide
BGC0001200	Polyketide
BGC0001201	Terpene
BGC0001202	NRP;Polyketide
BGC0001203	NRP;Polyketide
BGC0001204	Polyketide
BGC0001206	Other
BGC0001207	NRP
BGC0001209	RiPP
BGC0001210	RiPP
BGC0001211	NRP
BGC0001212	NRP;Polyketide
BGC0001213	Polyketide
BGC0001214	NRP
BGC0001215	NRP
BGC0001216	NRP;Polyketide
BGC0001217	Other
BGC0001221	Other
BGC0001222	RiPP
BGC0001223	Other
BGC0001224	Other
BGC0001225	NRP
BGC0001226	RiPP
BGC0001227	Terpene
BGC0001229	RiPP
BGC0001230	NRP;Polyketide
BGC0001231	NRP;Polyketide
BGC0001233	NRP
BGC0001235	NRP;Polyketide
BGC0001237	Polyketide
BGC0001283	Polyketide
BGC0001285	Other
BGC0001287	Polyketide
BGC0001288	Polyketide
BGC0001289	RiPP
BGC0001291	RiPP
BGC0001292	Other
BGC0001293	Polyketide
BGC0001294	Other
BGC0001295	Other
BGC0001296	Polyketide
BGC0001297	NRP
BGC0001298	Polyketide
BGC0001299	Polyketide
BGC0001300	Polyketide
BGC0001301	Polyketide
BGC0001302	Other
BGC0001303	Polyketide
BGC0001307	RiPP
BGC0001310	Polyketide
BGC0001311	RiPP
BGC0001312	NRP
BGC0001327	NRP;Polyketide
BGC0001328	NRP;Polyketide
BGC0001329	NRP;Polyketide
BGC0001330	NRP;Polyketide
BGC0001331	NRP;Polyketide
BGC0001332	NRP;Polyketide
BGC0001333	Other
BGC0001334	Other
BGC0001335	Other
BGC0001336	Other
BGC0001337	Other
BGC0001341	NRP
BGC0001342	NRP;Polyketide
BGC0001343	Polyketide
BGC0001344	NRP;Polyketide
BGC0001345	NRP
BGC0001346	NRP
BGC0001348	Polyketide
BGC0001349	NRP;Polyketide
BGC0001351	NRP
BGC0001356	RiPP
BGC0001357	Polyketide
BGC0001361	Terpene
BGC0001363	NRP;Polyketide
BGC0001364	RiPP
BGC0001366	Polyketide
BGC0001367	NRP;Polyketide
BGC0001368	NRP
BGC0001369	Polyketide
BGC0001370	NRP
BGC0001374	Other
BGC0001376	Polyketide
BGC0001377	Polyketide
BGC0001379	NRP
BGC0001380	Saccharide
BGC0001381	Polyketide
BGC0001383	Polyketide
BGC0001384	Polyketide
BGC0001386	Polyketide
BGC0001387	Other
BGC0001388	RiPP
BGC0001389	NRP
BGC0001391	RiPP
BGC0001392	RiPP
BGC0001393	NRP
BGC0001394	NRP;Polyketide
BGC0001395	Other
BGC0001396	Polyketide
BGC0001397	NRP;Polyketide
BGC0001406	NRP
BGC0001407	RiPP
BGC0001408	Other
BGC0001409	Polyketide
BGC0001410	Saccharide
BGC0001411	Saccharide
BGC0001412	Saccharide
BGC0001413	NRP
BGC0001414	NRP
BGC0001415	NRP;Polyketide
BGC0001416	NRP
BGC0001417	NRP;Polyketide
BGC0001418	NRP;Polyketide
BGC0001419	NRP;Polyketide
BGC0001420	NRP;Polyketide
BGC0001421	NRP;Polyketide
BGC0001422	NRP;Polyketide
BGC0001423	NRP;Polyketide
BGC0001424	NRP;Polyketide
BGC0001425	NRP;Polyketide
BGC0001426	NRP;Polyketide
BGC0001427	NRP;Polyketide
BGC0001428	NRP;Polyketide
BGC0001429	NRP;Polyketide
BGC0001430	NRP;Polyketide
BGC0001431	NRP;Polyketide
BGC0001432	NRP;Polyketide
BGC0001433	Polyketide
BGC0001434	NRP
BGC0001435	NRP;Polyketide
BGC0001437	NRP
BGC0001438	Polyketide;Saccharide
BGC0001439	Polyketide;Saccharide
BGC0001440	Other
BGC0001441	Other
BGC0001443	NRP;Polyketide
BGC0001447	Polyketide
BGC0001448	NRP
BGC0001451	NRP
BGC0001452	Polyketide
BGC0001453	Other
BGC0001454	Other
BGC0001455	NRP;Polyketide
BGC0001456	Terpene
BGC0001457	NRP
BGC0001458	Other
BGC0001459	NRP
BGC0001460	NRP
BGC0001461	NRP
BGC0001462	NRP
BGC0001463	Other
BGC0001464	Other
BGC0001465	Other
BGC0001467	NRP;Polyketide
BGC0001468	Other
BGC0001469	NRP
BGC0001470	Polyketide
BGC0001472	RiPP
BGC0001473	RiPP
BGC0001474	RiPP
BGC0001477	NRP;Polyketide
BGC0001478	Other
BGC0001480	Other
BGC0001483	Other
BGC0001484	Other
BGC0001486	RiPP
BGC0001488	Other
BGC0001490	Other
BGC0001491	Polyketide
BGC0001492	Polyketide
BGC0001493	RiPP
BGC0001495	Polyketide
BGC0001496	RiPP
BGC0001498	Other
BGC0001499	Other
BGC0001500	Polyketide
BGC0001501	Other
BGC0001502	NRP
BGC0001503	Polyketide
BGC0001504	Polyketide
BGC0001505	RiPP
BGC0001506	RiPP
BGC0001507	RiPP
BGC0001509	NRP
BGC0001510	Other
BGC0001511	Polyketide
BGC0001512	Polyketide
BGC0001513	Polyketide
BGC0001514	Other
BGC0001519	NRP;Polyketide
BGC0001520	Polyketide
BGC0001521	NRP
BGC0001522	Polyketide
BGC0001523	Polyketide
BGC0001524	NRP;Polyketide
BGC0001525	Other
BGC0001526	Other
BGC0001529	Other
BGC0001531	Other
BGC0001532	NRP
BGC0001533	Polyketide
BGC0001534	Other
BGC0001537	Polyketide
BGC0001539	RiPP
BGC0001540	Other
BGC0001543	Polyketide
BGC0001548	RiPP
BGC0001549	RiPP
BGC0001550	RiPP
BGC0001551	RiPP
BGC0001552	RiPP
BGC0001553	NRP;Polyketide
BGC0001554	Other
BGC0001556	NRP;Polyketide
BGC0001558	Polyketide
BGC0001560	NRP;Polyketide
BGC0001561	NRP
BGC0001562	NRP
BGC0001564	NRP;Polyketide
BGC0001566	Polyketide
BGC0001567	NRP
BGC0001568	Polyketide
BGC0001569	NRP
BGC0001570	NRP
BGC0001572	Other
BGC0001574	NRP
BGC0001575	NRP
BGC0001576	RiPP
BGC0001579	RiPP
BGC0001580	Polyketide
BGC0001582	NRP
BGC0001584	Polyketide
BGC0001586	Saccharide
BGC0001587	Other
BGC0001588	Saccharide
BGC0001589	Saccharide
BGC0001590	Polyketide
BGC0001591	Other
BGC0001592	Other
BGC0001593	NRP
BGC0001594	Other
BGC0001595	Other
BGC0001596	Polyketide
BGC0001597	Polyketide
BGC0001602	RiPP
BGC0001603	Saccharide
BGC0001605	Terpene
BGC0001607	Other
BGC0001608	NRP
BGC0001610	Other
BGC0001611	Polyketide
BGC0001612	Other
BGC0001615	NRP
BGC0001618	RiPP
BGC0001619	Polyketide
BGC0001620	NRP;Polyketide
BGC0001622	Polyketide
BGC0001623	NRP;Polyketide
BGC0001625	Polyketide
BGC0001627	NRP
BGC0001628	NRP
BGC0001629	NRP
BGC0001630	NRP;Polyketide
BGC0001631	NRP;Polyketide
BGC0001632	RiPP
BGC0001633	Other
BGC0001634	RiPP
BGC0001635	NRP;Polyketide
BGC0001637	NRP
BGC0001638	RiPP
BGC0001639	RiPP
BGC0001640	RiPP
BGC0001641	NRP
BGC0001644	Polyketide
BGC0001645	RiPP
BGC0001647	Polyketide
BGC0001648	Polyketide
BGC0001649	Polyketide
BGC0001650	NRP
BGC0001651	Other
BGC0001652	NRP
BGC0001653	Polyketide
BGC0001654	Saccharide
BGC0001655	RiPP
BGC0001656	Polyketide
BGC0001657	NRP
BGC0001658	Polyketide
BGC0001660	RiPP
BGC0001661	Polyketide
BGC0001663	Polyketide
BGC0001665	Polyketide
BGC0001666	Polyketide
BGC0001667	NRP;Polyketide
BGC0001670	Polyketide
BGC0001671	NRP
BGC0001672	NRP
BGC0001674	RiPP
BGC0001675	Polyketide
BGC0001681	Other
BGC0001682	Other
BGC0001683	Other
BGC0001684	Other
BGC0001685	Other
BGC0001687	Other
BGC0001690	Polyketide
BGC0001692	NRP
BGC0001693	Polyketide
BGC0001694	Polyketide
BGC0001695	NRP
BGC0001696	RiPP
BGC0001700	Polyketide
BGC0001701	RiPP
BGC0001702	NRP;Polyketide
BGC0001703	Other
BGC0001704	Other
BGC0001705	NRP;Polyketide
BGC0001707	RiPP
BGC0001709	Polyketide
BGC0001711	NRP;Polyketide
BGC0001713	Other
BGC0001715	NRP
BGC0001716	NRP
BGC0001719	Polyketide
BGC0001721	NRP
BGC0001723	Polyketide
BGC0001725	Other
BGC0001726	NRP;Polyketide
BGC0001727	RiPP
BGC0001728	NRP;Polyketide
BGC0001731	Other
BGC0001732	Other
BGC0001733	RiPP
BGC0001735	Other
BGC0001736	NRP
BGC0001737	NRP;Polyketide
BGC0001739	Other
BGC0001740	NRP;Polyketide
BGC0001742	Polyketide
BGC0001743	RiPP
BGC0001746	Terpene
BGC0001747	Other
BGC0001748	NRP;Polyketide
BGC0001750	NRP;Polyketide
BGC0001751	NRP;Polyketide
BGC0001752	NRP
BGC0001753	RiPP
BGC0001755	Polyketide
BGC0001757	Other
BGC0001758	NRP
BGC0001759	Polyketide
BGC0001760	NRP
BGC0001761	Polyketide
BGC0001762	Other
BGC0001763	NRP;Polyketide
BGC0001764	NRP
BGC0001765	Saccharide
BGC0001769	Polyketide
BGC0001770	Polyketide
BGC0001771	NRP
BGC0001772	Polyketide
BGC0001773	Polyketide
BGC0001774	Other
BGC0001778	Other
BGC0001779	RiPP
BGC0001780	NRP
BGC0001781	RiPP
BGC0001782	Other
BGC0001783	Other
BGC0001785	Polyketide
BGC0001786	RiPP
BGC0001787	RiPP
BGC0001788	RiPP
BGC0001789	RiPP
BGC0001790	NRP
BGC0001791	NRP
BGC0001792	NRP
BGC0001795	Polyketide
BGC0001796	NRP
BGC0001797	RiPP
BGC0001800	NRP;Polyketide
BGC0001801	NRP
BGC0001802	RiPP
BGC0001806	NRP
BGC0001807	NRP;Polyketide
BGC0001808	Other
BGC0001809	Other
BGC0001810	Polyketide
BGC0001812	Polyketide
BGC0001813	NRP
BGC0001814	NRP
BGC0001816	NRP;Polyketide
BGC0001817	Other
BGC0001818	NRP
BGC0001819	Polyketide
BGC0001822	NRP
BGC0001823	NRP;Polyketide
BGC0001824	NRP
BGC0001825	NRP
BGC0001826	NRP
BGC0001828	Polyketide
BGC0001830	Polyketide
BGC0001831	Polyketide
BGC0001833	NRP
BGC0001834	NRP
BGC0001835	Polyketide
BGC0001836	Polyketide
BGC0001838	NRP
BGC0001840	NRP;Polyketide
BGC0001841	NRP;Polyketide
BGC0001842	NRP
BGC0001843	NRP
BGC0001844	NRP
BGC0001845	NRP;Other;Polyketide
BGC0001846	NRP;Saccharide
BGC0001847	Other
BGC0001848	Other
BGC0001849	RiPP
BGC0001850	Other
BGC0001851	Polyketide
BGC0001852	Polyketide;Saccharide
BGC0001853	NRP;Polyketide
BGC0001856	Polyketide
BGC0001859	Other
BGC0001860	RiPP
BGC0001861	RiPP
BGC0001863	RiPP;Terpene
BGC0001864	RiPP
BGC0001867	RiPP
BGC0001868	Other
BGC0001869	NRP;Other
BGC0001870	Other
BGC0001872	Polyketide
BGC0001873	NRP
BGC0001875	Polyketide
BGC0001876	NRP
BGC0001877	Polyketide
BGC0001878	NRP;Polyketide
BGC0001879	Other
BGC0001880	RiPP
BGC0001884	NRP;Polyketide
BGC0001885	NRP;Polyketide
BGC0001887	RiPP
BGC0001889	RiPP
BGC0001890	NRP
BGC0001891	Other
BGC0001894	Saccharide
BGC0001895	Polyketide
BGC0001896	Other
BGC0001897	Polyketide
BGC0001902	NRP;Polyketide
BGC0001903	Other
BGC0001904	Polyketide
BGC0001905	Polyketide
BGC0001910	Terpene
BGC0001911	Terpene
BGC0001917	Polyketide
BGC0001918	NRP;Polyketide
BGC0001919	NRP;Polyketide
BGC0001922	Polyketide
BGC0001925	Other
BGC0001927	Other
BGC0001928	Other
BGC0001929	RiPP
BGC0001931	Polyketide
BGC0001937	Other
BGC0001940	Polyketide
BGC0001941	Polyketide
BGC0001942	NRP;Polyketide
BGC0001944	Polyketide
BGC0001945	NRP
BGC0001947	Saccharide
BGC0001948	Other
BGC0001950	NRP
BGC0001951	NRP
BGC0001952	NRP
BGC0001953	NRP
BGC0001955	NRP;Saccharide
BGC0001956	Polyketide
BGC0001957	Polyketide
BGC0001959	Other
BGC0001960	Polyketide
BGC0001962	Polyketide
BGC0001963	Polyketide
BGC0001964	Polyketide
BGC0001965	Other
BGC0001967	NRP;Polyketide
BGC0001968	NRP
BGC0001970	NRP;Polyketide
BGC0001971	NRP;Polyketide
BGC0001972	Other
BGC0001975	NRP
BGC0001979	Polyketide
BGC0001980	NRP
BGC0001983	Other
BGC0001984	NRP
BGC0001985	Other
BGC0001986	Other
BGC0001987	Polyketide
BGC0001991	Polyketide
BGC0001992	Other
BGC0001994	Other
BGC0001999	NRP
BGC0002000	Polyketide
BGC0002001	NRP;Polyketide
BGC0002002	NRP
BGC0002004	RiPP
BGC0002005	RiPP
BGC0002006	RiPP
BGC0002007	Terpene
BGC0002008	Other
BGC0002009	Polyketide
BGC0002010	NRP;Polyketide
BGC0002011	Polyketide
BGC0002012	Polyketide
BGC0002013	RiPP
BGC0002014	NRP;Polyketide
BGC0002015	RiPP
BGC0002017	NRP
BGC0002018	Other
BGC0002019	Terpene
BGC0002020	NRP;Saccharide
BGC0002021	Polyketide
BGC0002022	Polyketide
BGC0002024	Polyketide
BGC0002025	NRP;Polyketide
BGC0002026	NRP;Polyketide
BGC0002028	Polyketide
BGC0002031	Other
BGC0002032	Polyketide
BGC0002033	Polyketide
BGC0002034	Other
BGC0002036	Other
BGC0002037	NRP
BGC0002038	Polyketide
BGC0002039	Other
BGC0002040	Other
BGC0002042	NRP
BGC0002043	RiPP
BGC0002044	NRP
BGC0002045	Polyketide
BGC0002046	NRP;Polyketide
BGC0002047	Polyketide
BGC0002048	NRP
BGC0002049	RiPP
BGC0002050	NRP;Polyketide
BGC0002051	NRP
BGC0002052	Other
BGC0002053	RiPP
BGC0002054	NRP;Polyketide;Saccharide
BGC0002055	NRP;Polyketide
BGC0002056	NRP;Polyketide
BGC0002058	NRP;Polyketide
BGC0002059	NRP;Polyketide
BGC0002060	Polyketide
BGC0002064	RiPP
BGC0002068	NRP;Polyketide
BGC0002070	Polyketide
BGC0002071	NRP
BGC0002072	Polyketide
BGC0002073	NRP
BGC0002074	RiPP
BGC0002075	NRP
BGC0002078	NRP
BGC0002079	NRP
BGC0002080	Other
BGC0002081	Polyketide
BGC0002082	NRP;Polyketide
BGC0002083	Polyketide
BGC0002084	RiPP
BGC0002085	Saccharide
BGC0002086	Polyketide
BGC0002087	NRP;Polyketide
BGC0002088	Polyketide;Saccharide
BGC0002089	NRP
BGC0002090	NRP;Polyketide
BGC0002091	NRP
BGC0002092	NRP
BGC0002095	NRP
BGC0002096	Polyketide
BGC0002098	Polyketide
BGC0002099	RiPP
BGC0002100	NRP;Other
BGC0002101	Polyketide
BGC0002102	Polyketide
BGC0002103	Other
BGC0002104	NRP;Polyketide
BGC0002106	Polyketide
BGC0002107	NRP;Polyketide
BGC0002108	NRP
BGC0002109	NRP
BGC0002110	RiPP
BGC0002111	RiPP
BGC0002114	NRP;Polyketide
BGC0002115	RiPP
BGC0002117	NRP
BGC0002118	NRP;Polyketide
BGC0002119	NRP;Polyketide
BGC0002120	RiPP
BGC0002122	NRP
BGC0002123	NRP;Polyketide
BGC0002124	Polyketide
BGC0002125	NRP
BGC0002126	NRP
BGC0002127	Polyketide
BGC0002128	Other
BGC0002129	Polyketide
BGC0002130	RiPP
BGC0002131	NRP;Polyketide;Saccharide
BGC0002132	RiPP
BGC0002133	RiPP
BGC0002134	Other
BGC0002135	NRP
BGC0002136	NRP;Polyketide
BGC0002137	Polyketide
BGC0002138	Polyketide
BGC0002140	Polyketide
BGC0002141	Polyketide
BGC0002142	Polyketide
BGC0002143	Polyketide
BGC0002144	RiPP
BGC0002147	NRP
BGC0002148	Other
BGC0002150	RiPP
BGC0002151	RiPP
BGC0002152	Other
BGC0002153	Polyketide
BGC0002283	Terpene
BGC0002284	Other
BGC0002285	RiPP
BGC0002286	NRP
BGC0002287	NRP
BGC0002288	NRP
BGC0002289	RiPP
BGC0002291	Polyketide
BGC0002293	NRP
BGC0002294	Other
BGC0002295	NRP;Saccharide
BGC0002296	NRP;Polyketide
BGC0002297	NRP;Polyketide
BGC0002298	RiPP
BGC0002300	NRP
BGC0002302	Saccharide
BGC0002303	RiPP
BGC0002305	Other
BGC0002306	RiPP
BGC0002307	RiPP
BGC0002308	Other;Polyketide
BGC0002309	Terpene
BGC0002311	RiPP
BGC0002312	RiPP
BGC0002313	Other
BGC0002314	NRP
BGC0002315	Polyketide
BGC0002316	RiPP
BGC0002317	RiPP
BGC0002318	RiPP
BGC0002319	RiPP
BGC0002322	RiPP
BGC0002323	RiPP
BGC0002324	NRP;Polyketide
BGC0002326	NRP
BGC0002327	NRP
BGC0002328	RiPP
BGC0002329	NRP
BGC0002330	RiPP
BGC0002331	Other
BGC0002332	Polyketide
BGC0002333	Polyketide
BGC0002334	Other;RiPP
BGC0002336	NRP
BGC0002337	RiPP
BGC0002338	Polyketide
BGC0002339	Terpene
BGC0002340	NRP;Other
BGC0002341	Other
BGC0002342	NRP;Polyketide
BGC0002343	Other;RiPP
BGC0002344	NRP
BGC0002345	Other
BGC0002346	RiPP
BGC0002347	Other
BGC0002349	Polyketide
BGC0002350	NRP;Polyketide;Saccharide
BGC0002351	NRP
BGC0002352	Other
BGC0002354	Other
BGC0002355	Other;Polyketide
BGC0002356	Other;Polyketide
BGC0002357	Other;Polyketide
BGC0002358	Polyketide
BGC0002359	NRP
BGC0002360	NRP
BGC0002361	Polyketide;Saccharide
BGC0002362	Polyketide
BGC0002363	RiPP
BGC0002364	Polyketide
BGC0002365	Other;Polyketide
BGC0002366	Polyketide
BGC0002367	NRP
BGC0002369	Polyketide
BGC0002372	Other;Polyketide;Terpene
BGC0002373	NRP
BGC0002374	Polyketide
BGC0002376	Polyketide
BGC0002377	NRP
BGC0002378	NRP
BGC0002379	NRP
BGC0002381	Other;Polyketide
BGC0002382	RiPP
BGC0002383	Polyketide
BGC0002384	NRP
BGC0002385	Polyketide
BGC0002386	NRP;Polyketide
BGC0002387	Polyketide
BGC0002407	Other;Saccharide
BGC0002408	NRP
BGC0002409	NRP
BGC0002411	NRP;Polyketide
BGC0002412	NRP
BGC0002413	NRP
BGC0002414	NRP
BGC0002415	NRP
BGC0002416	NRP;Polyketide
BGC0002417	NRP;Polyketide
BGC0002418	NRP;Polyketide
BGC0002419	NRP;Polyketide
BGC0002420	NRP;Polyketide
BGC0002421	NRP
BGC0002422	NRP
BGC0002423	Other
BGC0002424	NRP
BGC0002425	RiPP
BGC0002426	NRP
BGC0002430	NRP;Saccharide
BGC0002431	Polyketide;Saccharide
BGC0002432	NRP
BGC0002433	NRP
BGC0002434	NRP;Polyketide
BGC0002435	Other
BGC0002436	Other
BGC0002439	Other
BGC0002440	NRP
BGC0002441	NRP;Polyketide
BGC0002442	RiPP
BGC0002443	Polyketide
BGC0002446	Polyketide
BGC0002447	RiPP
BGC0002448	NRP
BGC0002449	Other
BGC0002450	Other
BGC0002451	Polyketide
BGC0002452	Polyketide
BGC0002453	Polyketide
BGC0002454	Polyketide
BGC0002455	Polyketide
BGC0002456	NRP;Polyketide
BGC0002458	NRP
BGC0002460	Other
BGC0002461	Polyketide
BGC0002462	Saccharide
BGC0002464	Other
BGC0002465	NRP
BGC0002466	NRP
BGC0002467	NRP
BGC0002468	NRP
BGC0002469	Other
BGC0002470	Other
BGC0002471	Other
BGC0002472	NRP
BGC0002473	NRP
BGC0002474	NRP
BGC0002475	NRP
BGC0002476	NRP
BGC0002477	Polyketide
BGC0002478	Polyketide
BGC0002479	NRP;Polyketide;Saccharide
BGC0002480	NRP;Polyketide
BGC0002482	Other
BGC0002484	NRP;Polyketide
BGC0002485	Other;RiPP
BGC0002487	Other
BGC0002488	Other
BGC0002489	Other
BGC0002490	Other
BGC0002491	NRP
BGC0002492	NRP
BGC0002493	NRP
BGC0002495	NRP
BGC0002496	NRP
BGC0002497	Other
BGC0002498	Other
BGC0002499	NRP;Polyketide
BGC0002500	Polyketide
BGC0002503	NRP;Polyketide
BGC0002504	Polyketide
BGC0002506	Polyketide
BGC0002508	Other
BGC0002509	NRP
BGC0002510	Polyketide
BGC0002512	NRP
BGC0002514	Polyketide
BGC0002517	Polyketide
BGC0002518	NRP
BGC0002520	Polyketide
BGC0002521	NRP
BGC0002522	NRP
BGC0002523	NRP
BGC0002524	NRP
BGC0002526	Polyketide
BGC0002527	Other
BGC0002528	NRP
BGC0002529	NRP
BGC0002530	NRP
BGC0002531	NRP
BGC0002532	NRP;Polyketide
BGC0002533	NRP;Polyketide
BGC0002535	NRP
BGC0002536	NRP
BGC0002540	Polyketide
BGC0002541	Other
BGC0002542	NRP;Polyketide
BGC0002544	NRP
BGC0002545	Polyketide
BGC0002547	Polyketide
BGC0002548	NRP
BGC0002550	Polyketide
BGC0002551	Other;RiPP;Terpene
BGC0002552	Polyketide
BGC0002553	Other
BGC0002554	Other
BGC0002556	Other
BGC0002558	Polyketide
BGC0002559	Polyketide
BGC0002560	RiPP
BGC0002561	Other
BGC0002563	NRP
BGC0002564	NRP
BGC0002565	NRP
BGC0002567	Other
BGC0002568	Other
BGC0002569	NRP
BGC0002570	NRP;Polyketide
BGC0002572	NRP;Polyketide
BGC0002573	Other
BGC0002575	RiPP
BGC0002576	RiPP
BGC0002577	RiPP
BGC0002578	Other
BGC0002579	RiPP
BGC0002580	RiPP
BGC0002581	NRP
BGC0002582	NRP
BGC0002583	RiPP
BGC0002584	RiPP
BGC0002586	RiPP
BGC0002587	Polyketide
BGC0002591	Polyketide;Terpene
BGC0002597	NRP;Polyketide
BGC0002613	NRP;Polyketide
BGC0002620	Other
BGC0002621	Other
BGC0002623	NRP;Polyketide
BGC0002625	NRP;Polyketide
BGC0002626	RiPP
BGC0002629	RiPP
BGC0002631	RiPP
BGC0002633	Other
BGC0002634	NRP;Other;Polyketide
BGC0002635	RiPP
BGC0002637	NRP
BGC0002638	NRP
BGC0002639	NRP
BGC0002640	RiPP
BGC0002641	NRP
BGC0002642	Other
BGC0002643	Other
BGC0002645	Other
BGC0002648	Polyketide
BGC0002649	NRP;Polyketide
BGC0002652	Other;Saccharide
BGC0002653	NRP
BGC0002654	NRP
BGC0002656	Polyketide
BGC0002659	RiPP
BGC0002660	NRP
BGC0002661	NRP
BGC0002663	RiPP
BGC0002665	RiPP
BGC0002666	NRP;Other
BGC0002667	RiPP
BGC0002668	RiPP
BGC0002669	RiPP
BGC0002671	Polyketide
BGC0002672	Polyketide
BGC0002673	Other;Polyketide
BGC0002674	RiPP
BGC0002675	Polyketide
BGC0002676	NRP
BGC0002677	Other
BGC0002678	NRP
BGC0002679	NRP
BGC0002680	NRP
BGC0002681	Other
BGC0002682	Other
BGC0002683	NRP
BGC0002685	NRP
BGC0002687	NRP;Polyketide
BGC0002688	NRP
BGC0002689	NRP
BGC0002690	Other
BGC0002691	NRP
BGC0002692	Other
BGC0002693	NRP
BGC0002694	Other
BGC0002695	NRP
BGC0002696	NRP
BGC0002697	NRP;Polyketide
BGC0002698	RiPP
BGC0002699	RiPP
BGC0002700	RiPP
BGC0002701	RiPP
BGC0002702	NRP
BGC0002703	RiPP
BGC0002704	RiPP
BGC0002706	NRP
BGC0002711	Polyketide
BGC0002712	Polyketide
BGC0002713	NRP
BGC0002715	NRP;Polyketide
BGC0002716	NRP
BGC0002718	NRP
BGC0002719	NRP
BGC0002725	RiPP
BGC0002732	Polyketide
BGC0002733	Other
BGC0002735	NRP;Polyketide
BGC0002751	RiPP
BGC0002752	NRP
BGC0002754	NRP
BGC0002755	NRP
BGC0002760	NRP
BGC0002765	NRP
BGC0002768	NRP
BGC0002775	NRP
BGC0002778	NRP
BGC0002779	NRP
BGC0002786	Terpene
BGC0002788	Polyketide
BGC0002789	Polyketide
BGC0002804	Other
BGC0002805	Other
BGC0002806	NRP;Polyketide
BGC0002808	Polyketide
BGC0002810	NRP;Polyketide
BGC0002813	NRP;Polyketide
BGC0002814	NRP;Polyketide
BGC0002815	NRP;Polyketide
BGC0002816	Polyketide
BGC0002825	RiPP
BGC0002826	Other
BGC0002832	NRP
BGC0002835	RiPP
BGC0002844	NRP;Polyketide
BGC0002845	Polyketide;Terpene
BGC0002846	Terpene
BGC0002848	Polyketide
BGC0002850	NRP
BGC0002851	Polyketide
BGC0002853	NRP
BGC0002854	RiPP
BGC0002856	RiPP
BGC0002857	Terpene
BGC0002858	NRP
BGC0002859	Polyketide
BGC0002860	Terpene
BGC0002861	Polyketide
BGC0002862	Polyketide
BGC0002863	Polyketide
BGC0002866	NRP
BGC0002868	NRP
BGC0002869	Polyketide
BGC0002870	RiPP
BGC0002871	NRP
BGC0002873	Polyketide
BGC0002874	Polyketide
BGC0002875	Terpene
BGC0002876	Terpene
BGC0002878	RiPP
BGC0002879	NRP
BGC0002880	NRP
BGC0002881	NRP
BGC0002882	RiPP
BGC0002883	Polyketide
BGC0002885	Polyketide
BGC0002886	NRP;Polyketide
BGC0002888	RiPP
BGC0002889	NRP
BGC0002890	NRP
BGC0002891	Polyketide;Terpene
BGC0002893	RiPP
BGC0002894	RiPP
BGC0002895	RiPP
BGC0002896	RiPP
BGC0002897	RiPP
BGC0002898	RiPP
BGC0002899	RiPP
BGC0002900	RiPP
BGC0002901	RiPP
BGC0002902	RiPP
BGC0002903	RiPP
BGC0002905	Terpene
BGC0002907	Terpene
BGC0002908	Terpene
BGC0002909	RiPP
BGC0002910	RiPP
BGC0002912	NRP
BGC0002913	NRP;Polyketide
BGC0002914	NRP
BGC0002915	NRP;Polyketide
BGC0002916	Polyketide
BGC0002917	RiPP
BGC0002918	NRP
BGC0002919	NRP
BGC0002920	RiPP
BGC0002921	RiPP
BGC0002922	RiPP
BGC0002923	Polyketide
BGC0002924	Polyketide
BGC0002925	RiPP
BGC0002926	Polyketide
BGC0002927	RiPP
BGC0002928	Polyketide
BGC0002931	NRP;Polyketide
BGC0002932	Polyketide
BGC0002933	Terpene
BGC0002934	RiPP
BGC0002935	RiPP
BGC0002936	Polyketide
BGC0002937	NRP
BGC0002938	Terpene
BGC0002939	NRP
BGC0002940	NRP;Polyketide
BGC0002941	Polyketide
BGC0002942	RiPP
BGC0002943	RiPP
BGC0002944	NRP;Polyketide
BGC0002945	Polyketide
BGC0002946	RiPP
BGC0002947	NRP
BGC0002948	Polyketide
BGC0002949	NRP
BGC0002950	NRP;Polyketide
BGC0002951	NRP
BGC0002952	RiPP
BGC0002954	RiPP
BGC0002955	NRP
BGC0002957	NRP
BGC0002958	Polyketide
BGC0002959	Polyketide
BGC0002960	NRP;Polyketide
BGC0002961	Polyketide
BGC0002962	NRP
BGC0002963	RiPP
BGC0002964	Polyketide
BGC0002965	RiPP
BGC0002967	RiPP
BGC0002968	RiPP
BGC0002969	Terpene
BGC0002971	Polyketide
BGC0002972	RiPP
BGC0002973	Polyketide
BGC0002974	NRP;Polyketide
BGC0002975	NRP;Polyketide
BGC0002976	NRP
BGC0002977	NRP;Polyketide
BGC0002978	NRP
BGC0002979	NRP;Polyketide
BGC0002980	Polyketide
BGC0002981	RiPP
BGC0002982	Polyketide
BGC0002983	NRP;Saccharide
BGC0002984	Polyketide
BGC0002985	NRP
BGC0002986	RiPP
BGC0002988	Polyketide
BGC0002989	NRP
BGC0002990	RiPP
BGC0002991	Polyketide
BGC0002992	Saccharide
BGC0002994	NRP
BGC0002997	RiPP
BGC0002998	Polyketide
BGC0003001	NRP
BGC0003002	RiPP
BGC0003003	RiPP
BGC0003004	RiPP
BGC0003005	NRP
BGC0003007	NRP
BGC0003008	RiPP
BGC0003009	RiPP
BGC0003010	NRP
BGC0003012	Polyketide
BGC0003013	Polyketide
BGC0003014	RiPP
BGC0003015	RiPP
BGC0003016	NRP
BGC0003018	Polyketide
BGC0003019	RiPP
BGC0003020	NRP
BGC0003021	RiPP
BGC0003022	RiPP
BGC0003023	NRP
BGC0003025	NRP
BGC0003026	RiPP
BGC0003027	Polyketide
BGC0003029	Polyketide;Terpene
BGC0003030	NRP
BGC0003031	NRP
BGC0003032	Polyketide
BGC0003033	RiPP
BGC0003034	Terpene
BGC0003035	RiPP
BGC0003036	RiPP
BGC0003037	Polyketide
BGC0003038	Polyketide
BGC0003039	RiPP
BGC0003040	NRP;Polyketide
BGC0003042	NRP;Polyketide
BGC0003043	RiPP
BGC0003044	NRP;Saccharide
BGC0003045	RiPP
BGC0003046	RiPP
BGC0003048	NRP
BGC0003049	Polyketide
BGC0003050	RiPP
BGC0003051	NRP
BGC0003052	RiPP
BGC0003055	RiPP
BGC0003056	RiPP
BGC0003057	Polyketide;Saccharide
BGC0003059	RiPP
BGC0003060	RiPP
BGC0003061	RiPP
BGC0003062	RiPP
BGC0003063	RiPP
BGC0003064	Polyketide
BGC0003065	RiPP
BGC0003066	Saccharide
BGC0003067	Polyketide
BGC0003068	RiPP
BGC0003069	NRP
BGC0003070	Polyketide
BGC0003071	RiPP
BGC0003073	Terpene
BGC0003074	NRP
BGC0003075	Polyketide
BGC0003078	Polyketide
BGC0003079	NRP
BGC0003080	NRP
BGC0003081	RiPP
BGC0003082	NRP
BGC0003083	RiPP
BGC0003084	NRP
BGC0003086	Polyketide
BGC0003087	Polyketide
BGC0003089	Polyketide
BGC0003090	Terpene
BGC0003091	Terpene
BGC0003092	RiPP
BGC0003093	Polyketide
BGC0003095	RiPP
BGC0003096	RiPP
BGC0003097	RiPP
BGC0003098	RiPP
BGC0003100	RiPP
BGC0003101	RiPP
BGC0003102	RiPP
BGC0003103	RiPP
BGC0003104	RiPP
BGC0003105	RiPP
BGC0003106	RiPP
BGC0003107	RiPP
BGC0003110	RiPP
BGC0003111	NRP;Polyketide
BGC0003112	RiPP
BGC0003113	Polyketide
BGC0003114	Polyketide
BGC0003116	RiPP
BGC0003117	NRP;Polyketide
BGC0003118	Polyketide
BGC0003120	Polyketide
BGC0003121	RiPP
BGC0003122	RiPP
BGC0003123	RiPP
BGC0003124	Polyketide
BGC0003125	RiPP
BGC0003127	Polyketide
BGC0003128	RiPP
BGC0003129	RiPP
BGC0003131	RiPP
BGC0003132	Polyketide
BGC0003133	RiPP
BGC0003134	Polyketide;Saccharide
BGC0003135	NRP;Polyketide
BGC0003136	RiPP
BGC0003138	Terpene
BGC0003139	RiPP
BGC0003141	NRP
BGC0003142	Polyketide;Terpene
BGC0003143	Polyketide
BGC0003144	Polyketide
BGC0003146	Terpene
BGC0003147	NRP;Polyketide
BGC0003148	NRP
BGC0003149	NRP;Polyketide
BGC0003155	NRP;Saccharide
BGC0003156	NRP;Saccharide
BGC0003160	Polyketide;RiPP
BGC0003164	NRP;Saccharide
BGC0003165	NRP;Saccharide
BGC0003166	Terpene
BGC0003167	Polyketide
BGC0003168	NRP;Saccharide
BGC0003169	NRP
BGC0003170	NRP
